{
  "专利交底书模板": {
    "timestamp": 1764603388.2567978,
    "file_mtime": 1764493422.429606
  }
}