{
  "专利交底书模板": {
    "timestamp": 1764571558.3163986,
    "file_mtime": 1764493422.429606
  }
}