{
  "专利交底书模板": {
    "timestamp": 1764607627.3308482,
    "file_mtime": 1764493422.429606
  }
}