{
  "专利交底书模板": {
    "timestamp": 1764678769.432522,
    "file_mtime": 1764493422.429606
  }
}