{
  "专利交底书模板": {
    "timestamp": 1764655716.3926265,
    "file_mtime": 1764493422.429606
  }
}