{
  "专利交底书模板": {
    "timestamp": 1764595236.2738295,
    "file_mtime": 1764493422.429606
  }
}