{
  "专利交底书模板": {
    "timestamp": 1764646638.120867,
    "file_mtime": 1764493422.429606
  }
}