{
  "专利交底书模板": {
    "timestamp": 1764580511.4938643,
    "file_mtime": 1764493422.429606
  }
}